Autores;Título;Data de publicação;Editora
?;Sem Capa;;
"A Ideia, Revista; Amigos Da Terra";Comunidades e Cooperativas;;
A;Corezine;;
Acropole, Edições;Eleições 75    O Programa do MFA e dos Partidos Políticos;;
Ademar, Carlos;Memorias de um Assassino Romântico;;
Administração Interna, Ministério;Guia Prático das Eleições;;
Adrião, Vitor Manuel;Sintra Serra Sagrada;;
Afonso, A. Martins;Organização Política e Administrativa da Nação;;
Afonso, Aniceto;Grande Guerra 1914-1918;;
Afonso, José;Cantar de Novo;;
Afonso, José;Livra te do Medo;;
Afonso, José;Quadras Populares;;
Afonso, José;Quadros Populares;;
Afonso, José;Textos e Canções;;
Agirre, Julen;Prisão de Segóvia;;
AGROBIO;Manual de Agricultura Biológica;;
Aguiar, João;Inês de Portugal;;
Aguiar, João;Inês de Portugal;;
Aguiar, João;Uma Incursão no Esoterismo Português;;
A;Kenos;;
A;Kenos  Cadernos do Fantástico;;
Al Sheha;Mensagem de Deus;;
Al Sheha;Muhammad;;
Alarcão, Eduardo;Eléctricos em S. Francisco;;
Alegre, Manuel;Che;;
Alegre, Manuel;Cão como Nós;01/01/2002;Publicacoes Dom Quixote
Alegre, Manuel;O Homem do País Azul;;
Aleixo, Antonio;Este Livro que vos Deixo;;
Aleixo, Antonio;Inéditos;;
Alencar, José De;O Guarani;;
Alfa, Edições;Livro do Ano 1975;;
Alfabetização De Almada, Grupo De Trabalho De;Vivenda da Liberdade;;
Allah;Corão;;
Allen, Woody;Para Acabar de Vez com a Cultura;;
Allende, Isabel;A ilha debaixo do mar;;
Allende, Isabel;De Amor e de Sombra;;
Allende, Isabel;Eva Luna;1987;
Allende, Isabel;O Caderno de Maya;;Porto Editora
Allende, Isabel;O Plano Infinito;;
Allende, Salvador;O mais alto exemplo de heroísmo;;
Almada, Câmara Municipal De;Almada  Antiga e Moderna Volume I;;
Almada, Câmara Municipal De;Almada Antiga e Moderna Volume II;;
Almeida, Dinis De;Origens e Evolução do Movimento dos Capitães;;
Almeida, Etelvina Lopes;ABC da Culinária;;
Alvarez, José Gomes;Inventário do Património Cultural Construído;;
Alves, Nito;Lei do Poder Popular;;
"Alves, Padre Felicidade; Câmara, D. Hélder; Torres, Camilo; Domenach, Jean Marie; Boulte, Nicolas; Bleu, Pierre";A Crise da Igreja;;
Amado, Jorge;A Luz no Túnel;;
Amado, Jorge;Agonia da Noite;;
Amado, Jorge;Amor do Soldado;;
Amado, Jorge;Cacau;;
Amado, Jorge;Capitães da Areia;;
Amado, Jorge;Gabriela Cravo e Canela;;
Amado, Jorge;Gabriela, Cravo e Canela;;
Amado, Jorge;Jubiaba;;
Amado, Jorge;Mar Morto;;
Amado, Jorge;O Cavaleiro da Esperança;;
Amado, Jorge;O gato malhado e a andorinha Sinha;;Publicacoes Dom Quixote
Amado, Jorge;Os Velhos Marinheiros;;
Amado, Jorge;Os Ásperos Tempos;;
Amado, Jorge;Pastores da Noite;;
Amado, Jorge;Seara Vermelha;;
Amado, Jorge;Teresa Batista Cansada de Guerra;;
Amado, Jorge;Tieta do Agreste I;;
A;Mar Morto;;
Amaral, Diogo Freitas do;D. Afonso Henriques - Biografia;;Bertrand Editora
Amaral, Domingos;Quando Lisboa Tremeu;;
Amarante, Eduardo;Apolónio de Tiana - O Taumaturgo Contemporâneo de Jesus;01/02/2009;
Anarca;A;;
Anarca;A;;
Anarca;Acção Directa;;
Anarca;Cooltura;;
Anarca;Espaço Livre;;
Anarca;Satanás;;
Anarquista, Movimento;Campo de Concentração;;
Andersen, H. Christian;Contos para Adultos;;
Andrade, Carlos Drummond De;Boitempo;;
Andrade, Carlos Drummond De;Literatura Comentada;;
Andrade, Eugénio De;Duas Cidades;;
Andrade, Eugénio De;O Alentejo não tem Sombra;;
Andrade, Eugénio De;Poemas de Garcia Lorca;;
Andresen, Sophia De Mello Breyner;A Menina do Mar;;
Andresen, Sophia De Mello Breyner;Cem Poemas de Sophia;;
Andresen, Sophia De Mello Breyner;Contos Exemplares;;
Andresen, Sophia De Mello Breyner;O Cavaleiro da Dinamarca;;
Anjo, Maria Isabel César;O Verão é o Tempo Grande;;
Antifascistas, Associação De Ex Presos;A Política de Genocídio Contra os Índios do Brasil;;
Antonio Houaiss, Instituto;Dicionário Houaiss  Volume 1;;
Antonio Sérgio, Instituto;Código Cooperativo;;
Antonio Sérgio, Instituto;Processo de Constituição de uma Cooperativa;;
ANTUNES, ANTONIO LOBO;Auto dos Danados;;
ANTUNES, ANTONIO LOBO;Conhecimento do inferno;;DOM QUIXOTE
ANTUNES, ANTONIO LOBO;Da Natureza Dos Deuses;01/10/2015;Publicacoes Dom Quixote
ANTUNES, ANTONIO LOBO;Explicação dos Pássaros;;
ANTUNES, ANTONIO LOBO;Fado Alexandrino;;
ANTUNES, ANTONIO LOBO;Memoria De Elefante;;Leya SA
Antunes, Antonio Lobo;Nao Entres Tao Depressa Nessa Noite Escura;01/01/2000;Publicacoes Dom Quixote
ANTUNES, ANTONIO LOBO;O manual dos inquisidores;;Publicacoes Dom Quixote
ANTUNES, ANTONIO LOBO;Os Cus de Judas;;
ANTUNES, ANTONIO LOBO;Que Cavalos São Aqueles Que Fazem Sombra No Mar ?;;Dom Quixote
Antunes, António Lobo;Até que as pedras se tornem mais leves que a água;01/11/2017;Publicacoes Dom Quixote
Antunes, António Lobo;Caminho como uma casa em chamas;2014;Leya
Antunes, António Lobo;Eu Hei-de Amar uma Pedra;;Dom Quixote
Antunes, António Lobo;Livro de Cronicas;;Publicações Dom Quixote
António Ramos, Edições;Helena Vaz da Silva com Júlio Pomar;;
Apitz, Bruno;Nú entre Lobos;;
Araújo, Matilde Rosa;O Sol e o Menino dos Pés Frios;;
Armas Antigas, Sociedade Portuguesa De;Lusitanos......Quem Somos?;;
"Arntz, William; Chasse, Betsy; Vicente, Mark";Afinal o que sabemos nós?;;
Asimov, Isaac;A Terra e o Cosmos;;
Assis, Machado De;Dom Casmurro;;
"Assis, Machado De; RTP, Livros";Memorial de Aires;;
Assis, Machado De;Memórias Póstumas de Brás Cubas;;
Assis, Machado De;Missa do Galo;;
Attali, Jacques;Breve Historia do Futuro;;DOM QUIXOTE
Austen, J.;Sangue Azul;;
Auster, Paul;A Trilogia de Nova Iorque;;
Ausência, Editora;Adivinhas;;
AUTORES, VARIOS;10 Poemas para Catarina;;
AUTORES, VARIOS;1001 Maneiras de se manter jovem;;
AUTORES, VARIOS;150 Receitas;;
AUTORES, VARIOS;25 de Abril;;
AUTORES, VARIOS;300 Sanduiches;;
AUTORES, VARIOS;800 Anos de Poesia Portuguesa;;
AUTORES, VARIOS;A Celulite;;Impala
AUTORES, VARIOS;A Cidade e as Ruas;;
AUTORES, VARIOS;Antologia da Poesia Catalã;;
AUTORES, VARIOS;Arroz;;
AUTORES, VARIOS;Bacalhau;;
AUTORES, VARIOS;Bem Haja;;
AUTORES, VARIOS;Cebola;;
AUTORES, VARIOS;Cocktails & Shots;;
AUTORES, VARIOS;Contos Populares Chineses;;
AUTORES, VARIOS;Cozinha dos Ganhoes;;
AUTORES, VARIOS;Cozinhar no Microondas;;
AUTORES, VARIOS;Cuba e o Bloqueio Norte-Americano;;
AUTORES, VARIOS;Doces Conventuais;;
AUTORES, VARIOS;Ensaios Literários;;
AUTORES, VARIOS;Fondues & Grelhados;;
AUTORES, VARIOS;Frango;;
AUTORES, VARIOS;Grandes Vidas Grandes Obras;;
AUTORES, VARIOS;Gratinados;;
AUTORES, VARIOS;Humboldt;;
AUTORES, VARIOS;Intifada;;
AUTORES, VARIOS;Joana D'Arc;;
AUTORES, VARIOS;Legumes;;
AUTORES, VARIOS;Ler;;
AUTORES, VARIOS;Lisboa   Cidade Abril;;
AUTORES, VARIOS;Livros Condensados;;
AUTORES, VARIOS;Manual de Dietética Natural _ Estômago e Intestino;;
AUTORES, VARIOS;Massa;;
AUTORES, VARIOS;Massas Pães e Pizas;;
AUTORES, VARIOS;Mensagem para Todos;;
AUTORES, VARIOS;Mulheres Século XX;;
AUTORES, VARIOS;Museu de Dresden;;
AUTORES, VARIOS;O 18 de Janeiro de 1934;;
AUTORES, VARIOS;O Charme Discreto da Burguesia;;
AUTORES, VARIOS;O Fantástico no Feminino;;
AUTORES, VARIOS;O Seringador;;
AUTORES, VARIOS;Obras Primas do Conto Brasileiro;;
AUTORES, VARIOS;Os Sargentos na Revolta de 31 de Janeiro;;
AUTORES, VARIOS;Osho;;
AUTORES, VARIOS;Ovos;;
AUTORES, VARIOS;Passagens da Vida Portuguesa;;
AUTORES, VARIOS;Petiscos & Companhia;;
AUTORES, VARIOS;Pizzas;;
AUTORES, VARIOS;Poemas;;
AUTORES, VARIOS;Pão com Manteiga;;
AUTORES, VARIOS;Receitas de Natal;;
AUTORES, VARIOS;Receitas Light;;
AUTORES, VARIOS;Receitas Rápidas;;
AUTORES, VARIOS;Receitascde Bacalhau;;Euro Impala Portugues
AUTORES, VARIOS;Sabores Românticos - Alimentos e receitas afrodisíacas e outros estímulos sensuais;;
AUTORES, VARIOS;Saladas _ Lata;;
AUTORES, VARIOS;Salazar cai da cadeira, Marcelo senta-se;;
AUTORES, VARIOS;Salsichas;;
AUTORES, VARIOS;Smoothie;;
AUTORES, VARIOS;Smoothies A Bíblia;;
AUTORES, VARIOS;SUCOTERAPIA - Como prevenir doenças através dos sucos;2004;IBRASA
AUTORES, VARIOS;Tartes Salgadas;;
AUTORES, VARIOS;Teatro Nacional Popular 1959-1960;;
AUTORES, VARIOS;Tomate;;
AUTORES, VARIOS;Tudo sobre o Vinho;;
AUTORES, VARIOS;Viva Melhor;;
AUTORES, VARIOS;Vários;;
AUTORES, VARIOS;Vários;;
AUTORES, VARIOS;Vários;;
AUTORES, VARIOS;Vários;;
AUTORES, VARIOS;Vértice;;
AUTORES, VARIOS;Winston Churchill;;
AUTORES, VARIOS;Wok;;
AUTORES, VARIOS;Zeca Sempre;;
Avante, Edições;ABC do Marxismo Leninismo;;
Avante, Edições;Abril Abril;;
Avante, Edições;O PCP e a Luta Sindical;;
Avante, Edições;Pequena Biografia Karl Marx;;
Avante, Edições;Pequena Biografia V. I. Lenine;;
Avante, Edições;Punição dos Responsáveis dos Crimes de Montemor;;
Avante, Edições;Uma Certa Maneira de Cantar;;
Avante, Festa Do;Quinta Bienal de Artes Plásticas da Festa do Avante;;
Azevedo, José Carlos Dos Santos;Poemas Vivos;;
Bach, Richard;Não há Longe nem Distância;;
Backman, Fredrik;A minha avó pede desculpa;;Porto Editora
Balzac, Honoré;A Mulher de Trinta Anos;;
Balzac, Honoré;Papá Goriot;;
Balófilo;Devaneios Poéticos;;
Banazol, Luis Ataide;A Origem do Movimento das Forças Armadas;;
Banazol, Luis Ataide;Os Capitães Generais e os Capitães Políticos;;
Barata, J L Themudo;Mexa-se pela sua saúde;;
Barca, Calderón De La;A Vida é Sonho;;
Barnett, David M.;O homem que foi para Marte porque queria estar sozinho (HARPERCOLLINS PORTUGAL) (Portuguese Edition);;HarperCollins
Barreiro, Poetas Do;Colectânea;;
"Barreno, Maria Isabel; Horta, Maria Teresa; Costa, Maria Velho Da";Novas Cartas Portuguesas;;
Bastos, Baptista;As Palavras dos Outros;;
Bastos, Baptista;Cão Velho entre Flores;;
Bastos, Baptista;Um Homem em Ponto entre Vistas;;
Beauvoir, Simone De;A Força da Idade;;
Belas Artes, Sociedade Nacional;Falcão Trigoso;;
Bergot, Erwan;O Afrika Korps;;
Bernadac, Christian;Os Médicos Malditos;;
"Bettencourt, Luis Tedeschi De; Mera, Armando Correia";Manual do Vigia do Ar;;
Bibloteca Nacional;Catálogo de Postais Posters e Diapositivos;;
Bishop, Gary John;Não Te F*das Sai da tua cabeça e faz-te à vida (Portuguese Edition);;Lua De Papel
Bispo De Nampula;Homilias;;
Bizet, Georges;Carmen;;
Boal, Augusto;200 Exercícios para o Teatro;;
Bocage, Barbosa Do;Poesias Eróticas Burlescas e Satiricas;;
Boccacio;Decameron;;
Bookchin, Murray;Espontaneidade e Organização;;
"Bowen, Elizabeth; Jacobs, William W.; Scott, Walter";Fantásticos;;
Bowness, Alan;Impressionistas e Pós-Impressionistas;;Editora Grolier
Bradley, Marion Zimmer;Caçadores da Lua Vermelha;;
Bradley, Marion Zimmer;Pressagio de Fogo;1987;Difusaio Editorial
Braga, Maria Ondina;A Personagem;;
Branco, Camilo Castelo;A Queda de um Anjo;;
Branco, Camilo Castelo;Historias;;
"Branco, Camilo Castelo; RTP, Livros";Maria Moisés;;
Branco, Camilo Castelo;Mistérios de Lisboa;;
Branco, Camilo Castelo;O Judeu II;;
Branco, Camilo Castelo;Obras Escolhidas;;
Branco, Camilo Castelo;Senhor Ministro;;
Branco, Carlos;Portugal do Fado;;
Brandão, Augusto Pereira;A Aventura Portuguesa;;Verbo
Brandão, Raul;Húmus;;
Brasil, Jaime;Balzac A Comédia Humana;;
Brecht, Bertolt;A Mãe;;
Brisville, Jean Claude;Albert Camus;;
Brochado, Alexandrino;Capelas das Almas;;
Brontë, Emily;O Monte dos Vendavais;;
Bryson, Bill;Breve História de Quase Tudo;06/05/2003;
Bryson, Bill;Regresso à Pequena Ilha Aventuras de um americano em terras de Sua Majestade (Portuguese Edition);;Bertrand Editora
Buck, Pearl;A Boa Terra;;
Buck, Pearl;Terra Bendita;;
Butenko, A.;As Vias de Passagem ao Socialismo;;
Buzan, Tony;Um Cérebro Sempre Jovem;;
BêDê, Colecção;O Abutre 1;;
BêDê, Colecção;O Abutre 2;;
BêDê, Colecção;O Abutre 4;;
Cabral, Afonso Reis;Pão de Açúcar;;Dom Quixote
Cabral, Alexandre;Um Português em Cuba;;
Cabral, Amilcar;Textos Políticos;;
Cabral, António Manuel Pires;Crónica da casa ardida;1992;Editorial Notícias
Caeiro, Alberto;O Guardadir de Rebanhos;;
Caeiro, Alberto;Obra Essencial de Fernando Pessoa;;
"Calado, Maria; Ferreira, Vitor Matias";Freguesia da Graça;;
Callotti, Alicia;Cyber Sexo;;
Calvinho;Trinta Facadas de Raiva;;
Calvino, Italo;Palomar;;
Caminho, Editorial;Tarrafal Testemunhos;;
Camotim, Xencora;Não se Fez Justiça;;
Campilho, Matilde;Ringue;;
Campos, Cte. J. Moreira;Caminhos de Invasão;;
Campos, Álvaro De;Aviso por Causa da Moral;;
Camus, Albert;A Peste;;
Camus, Albert;O Estrangeiro;;
Camões, Luis De;Lírica;;
Camões, Luis De;Os Lusíadas para crianças;;
Cans, Roger;Verdes  A Encenação Ecológica;;
Capote, Truman;A Sangue Frio;;
Cardoso, Eugénio;Os Presságios dos Sonhos;;
Cardoso, Rui;A Primeira Guerra Mundial;;
Carneiro, Mário De Sá;Loucura;;
Carrapato, Júlio;Resposta de um Anarquista;;
"Carvalho, Daniel; Somsen, Miguel";Vamos Beber Um Gin?;;Leya
Carvalho, Jose Alberto;28 Minutos e 7 Segundos de Vida;;Oficina do Livro
Carvalho, Maria João Lopo De;Adopta-me;;
Carvalho, Maria Judite De;Os Armários Vazios;;
Carvalho, Maria Judite De;Seta Despedida;;
Carvalho, Otelo Saraiva De;5 Meses Mudaram Portugal;;
Carvalho, Otelo Saraiva De;Acusação e Defesa em Monsanto;;
Carvalho, Otelo Saraiva De;Alvorada em Abril;;
Carvalho, Otelo Saraiva De;Otelo O Povo é quem mais Ordena;;
Carvalho, Otelo Saraiva De;Povo Trabalhador Unido para o Socialismo;;
Carvalho, Rodrigo Guedes De;A Casa Quieta;;
Carvalho, Rodrigo Guedes de;O Pianista de Hotel;02/10/2017;
Casa Da Moeda, Impresa Nacional;Constituição da República Portuguesa  1976;;
Casa Da Moeda, Impresa Nacional;Constituição Política da República Portuguesa;;
Castanheira, Alexandre;É a Vida;;
Castelhano, Mário;Quatro Anos de Deportação;;
Castilho, Paulo;Fora de Horas;;
Castrim, Mário;A Caminho de Fátima;;
Castrim, Mário;Historias com Juízo;;
Castrim, Mário;Nome de Flor;;
Castrim, Mário;O Cavalo do Lenço Amarelo é Perigoso;;
Castrim, Mário;Viagens;;
Castro, Ferreira De;A Selva;;Cavalo de Ferro
Castro, Ferreira De;Emigrantes;;
Castro, Ferreira De;Terra Fria;;
Castro, Fidel;A História me Absolverá;;
Castro, Josué De;Sete Palmos de Terra e um Caixão;;
Castro, Raul;Reunião Ilegal ou Acusação Irreal?;;
Cela, Camilo José;A Família de Pacoal Duarte;;
CelBrasil, Edições;A Pintura nos Grandes Museus;;
CelBrasil, Edições;A Pintura nos Grandes Museus;;
Cervantes, Miguel De;A Ciganita;;
Cervantes, Miguel De;D. Quixote de La Mancha;;
Cesariny, Mário;Pena Capital;;
CGD;Vieira da Silva;;
Chabrol, Jean Pierre;Romance da Comuna de Paris    Volume 4;;
Chabrol, Jean Pierre;Romance da Comuna de Paris   Volume 3;;
Chabrol, Jean Pierre;Romance da Comuna de Paris 1;;
Chabrol, Jean Pierre;Romance da Comuna de Paris Volume 2;;
Charriere, Henri;Banco;;
Chatrian, Erckmann;O Amigo Fritz;;
Chiziane, Paulina;Balada de amor ao vento;2003;Editorial Caminho
Chiziane, Paulina;Ventos do Apocalipse;;
Cholokov, Mikail;Morreram pela Pátria;;
Chrisp, Peter;Atlas das Civilizações Antigas;;
Christie, Agatha;Um Gato Entre os Pombos;;Edições Asa
Cid, Augusto;Camarate;;
Cleave, Chris;Menina de Ouro;;Edições Asa
Clemente, Duran;Elementos para a Compreensão do 25 de Novembro;;
Clássica, Musica;Discoteca Ideal;;
CML;Botero em Lisboa;;
Coccioli, Carlo;O Jogo;;
Coelho, Antonio Borges;Portugal na Espanha Árabe   Volume III;;
Coelho, José Dias;A Resistência em Portugal;;
Coelho, Manuel Pinto;Chegar Novo a Velho - Receitas;;
Coelho, Manuel Pinto;Vida + Saúde + Tempo;;Oficina do Livro
Coelho, Paulo;Manuscrito encontrado em Accra;12/02/2013;Pergaminho
Coelho, Paulo;O Dom Supremo;1874;
Coelho, Paulo;O Zahir;;
Coelho, Paulo;O Zahir;;European Schoolbooks
Colette;Verdes Amores;;
Comunicação Social, Ministério Da;Garantias de uma Revolução Democrática;1974;
Comunicação Social, Secretaria De Estado Da;5 de Outubro de 1976  Discursos Oficiais;;
Conselho De Ministros, Presidência;A Politica de informação no Regime Fascista;;
Cook, Michael;O Alcorão;;
Cooper, J. Fenimore;O Último Moicano;;
Correia, Clara Pinto;A Arma dos Juízes;;
Correia, João De Araújo;Contos Bárbaros;;
Correia, Judite Sousa e Diogo Telles;Pensar. Sentir. Viver;;Bertrand Editora
Correia, Natália;Erros Meus...Má Fortuna...Amor Ardente;;
Correia, Natália;O Encoberto;;
Correia, Romeu;Grito no Outono;;
Correia, Romeu;O Vagabundo das Mãos de Oiro;;
"Costa, Francisco S.; Rodrigues, António P.";O Caso República;;
Costa, Jorge Nuno Pinto Da;Largos Dias têm 100 Anos;;
Costa, Orlando Da;Sem Flores nem Coroas;;
Costa, Ricardo;Che Guevara;;
Costa, Sousa;A Mulher;;
Costa, Sá Da;Agostinho Neto, Sagrada Esperança;;
Couto, Ana Marques;Poemas do Meu Existir;;
Couto, Mia;A espada e a azagaia (Portuguese Edition);15/04/2016;Editorial Caminho
Couto, Mia;A Varanda do Frangipani;;
Couto, Mia;Cada Homem é uma Raça;;
Couto, Mia;Jerusalém;;
Couto, Mia;Mar me Quer;;
Couto, Mia;O Último Voo do Flamingo;;
Craveirinha, José;Karingana Ua Karingana;;
Criativas, Mãos;Patinas de Envelhecimento;;
"Croall, Stephen; Sempler, Kaianders";Energia Nuclear;;
Cromossoma, O Defeito Do;Adezino N°0;;
Cultura Popular, Associação De Alfabetização E;Só me Ensinaram a Servir;;
Cultura, Ministério Da;20 Artistas    1985-2005;;
Cunhal, Álvaro;A Revolução Portuguesa;;
Cunhal, Álvaro;Acção Revolucionária, Capitulação e Aventura;;
Cunhal, Álvaro;O Aborto;;
Cunhal, Álvaro;O Partido com Paredes de Vidro;;
Cunhal, Álvaro;Rumo a Vitória;;
Cunhal, Álvaro;Uma Política ao Serviço do Povo;;
Curtis, Edward S.;Native American Wisdom;;
D'Arthuys, Beatrice;As Mulheres Portuguesas e o 25 de Abril;;
Daco, Pierre;As Mulheres;;
Daninos, Pierre;Os Novos Cadernos do Major Thompson;;
Dantas, Júlio;A Ceia dos Cardeais;;
DDR;Plakate Zum Ersten Mai;;
Delgado, Humberto;Compasso de Tempo;;
"Descharnes, Robert; Néret, Gilles";Dali;;
Deus, João De;Versos;;
Dias, Marina Tavares;Lisboa Desaparecida;;
Dias, Marina Tavares;Lisboa Desaparecida  Volume 4;;
Dias, Marina Tavares;Photographias Lisboa 1900;;
Dickens, Charles;Contos de Natal;;
Dickens, Charles;Oliver Twist;;
Diderot;A Religiosa;;
Dienes, D`André De;Nus;;
Digest, Readers;15 Minutos pela sua Saude;;
Digest, Readers;A História do Homem nos Últimos Dois Milhões de Anos;;
Digest, Readers;A Monarquia Portuguesa;;
Digest, Readers;A Saude pela Natureza;;
Digest, Readers;Bem Falar e Bem Escrever;;
Digest, Readers;Como Fazer Tudo;;
Digest, Readers;Dicionário Enciclopédico KOOGAN LAROUSE   1 a 3 Volumes;;
Digest, Readers;Dicionário Mais da Ideia as Palavras;;
Digest, Readers;Documentos Fotográficos da Segunda Guerra Mundial;;
Digest, Readers;Frases Célebres de Pessoas Célebres;;
Digest, Readers;Fronteiras do Desconhecido;;
Digest, Readers;O Livro da Saúde;;
Digest, Readers;Um Planeta Violento;;
Digest, Readers;Verbos e Provérbios;;
Digest, Readers;À Descoberta de Portugal;;
"Dinis, Júlio; RTP, Livros";O Espólio do Senhor Cipriano;;
Diocese De Braga;Mensagem do Conselho de Presbíteros da Beira;;
Directa, Acção;Acção Directa;;
Discórdia;As Docas do Outro Lado do Espelho;;
Dodson, Aidan;As Pirâmides do Egipto;;
Dostoiévski, Fedor;Crime e Castigo   Volume 2;;
Dostoiévski, Fedor;Crime e Castigo  Volume 1;;
Dostoiévski, Fedor;O Idiota;;
"Dostoiévski, Fedor; RTP, Livros";O Jogador;;
Dostoiévski, Fedor;O Sonho de um Homem Ridículo;;
Dostoiévski, Fedor;Recordações da Casa Morta;;
"Dostoiévski, Fiódor; Presença, Editorial";Humilhados e Ofendidos;;Editorial Presença
Dostoiévski, Fiódor;O Jogador;;
Dragnich, Alex N.;Sérvios e Croatas;;
Duarte, Luis Miguel;Aljubarrota  1383-1389;;
Duchaussois, Charles;Viagem ao Mundo da Droga;;
Dumas, Alexandre;O Conde de Monte Cristo I;;
Dumas, Alexandre;O Conde de Monte Cristo II;;
Dumas, Alexandre;Os Mil e Um Fantasmas;;
Durrell, Lawrence;A Virgem e o Cigano;;
Durrell, Lawrence;Mr. Noon;;
Durrell, Lawrence;Papisa Joana;;
Durruti, Buenaventura;O Povo em Armas   Volume I;;
Durruti, Buenaventura;O Povo em Armas   Volume II;;
Dye, Dale A.;Platoon - Os Bravos do Pelotão;;
Dúnem, Aristides Van;Estórias Antigas;;
Dúnem, Aristides Van;Estórias Antigas;;
Eco, Umberto;Baudolino;;Harcourt
Eco, Umberto;O Nome da Rosa;;
Eco, Umberto;O Pêndulo de Foucault;;
Ediclube, Edições;Plantas Medicinais;;
Edideco;Portugal Natural;;
Edipresse, Abril ControJornal;Mulheres Inesquecíveis do Séc XX;;
Editora, Bertrand;Cem Mil Anos de Vida Quotidiana;;
Edição Um De Outubro;Maio 82;;
Edições Maria Da Fonte;Dos Presos Políticos Brasileiros;;
Efrémov, Ivan;A Nebulosa de Andrómeda;;
Elbaz, Gregory;Oscar Peterson;;
Ellis, Sheryl;Conta as tuas Bênçãos;;
Emmerij, Louis;Norte Sul  A Granada Descavilhada;;
Ende, Michael;Momo;;
Espanca, Florbela;Poesia 1903-1917;;
Espanca, Florbela;Sonetos;;
Espanca, Florbela;Sonetos;;
Espanca, Paulo Neves da Silva e Florbela;Citações e Pensamentos de Florbela Espanca;;Casa das Letras
Espírito Santo, Gabriel Do;Restauração 1640-1668;;
Esquível, Laura;Malinche;;Edições Asa
Europa América, Publicações;A Deportação;;
Everest, Editora;Granada;;
Everest, Editora;Londres;;
Exley, Helen;Um Livrinho para os meus Amigos;;
EXPO 92;9 Artistas de Moçambique;;
Express, Guia American;Gra Bretanha;;
Express, Guia American;Guia de Lisboa;;
Expresso;Grandes Entrevistas   1865-1899;;
Expresso;Grandes Entrevistas  1991-2006;;
Expresso;Grandes Entrevistas 1865-1899;;
Expresso;Grandes Entrevistas 1900-1930;;
Expresso;Imagens que Fizeram História;;
Expresso;José Saramago;;
Expresso;Mapa de Estradas para todas as Praias;;
Expresso;Maria João Pires;;
Expresso;O que a Censura cortou 1° Parte;;
Expresso;O que a Censura cortou 2° Parte;;
Expresso;O que a Censura cortou 3° Parte;;
Expresso;Por Mão Própria... Francisco Pinto Balsemão;;
Expresso;Rafael Bordalo Pinheiro;;
Expresso;Revista Expresso;;
Expresso;Train your Brain 1;;
Expresso;Train your Brain 2;;
Expresso;Train your Brain 3;;
Expresso;Train your Brain 4;;
Falcones, Ildefonso;A Rainha Descalça;2013;
Fallada, Hans;E Agora, Zé Ninguém?;;Editora Dom Quixote
Fanha, José;Busca;;
Fanha, José;O Riso das Aves;;
Fanha, José;Olho por Olho;;
Faria, Almeida;Cortes;;
Faria, Rosa Lobato de;A alma trocada;2013;Leya
Farrell, Michael;Para Além das Lágrimas;;
Faustino, Agostinho Correia;José Franco e a sua Aldeia Museu;;
Faye, Jean Pierre;O Portugal de Otelo;;
Fermine, Maxence;O Apicultor;2000;
Fernandes, Blasco Hugo;O que é a Reforma Agrária;;
Fernandes, Fernando;Nasce a Fundação Calouste Gulbenkian;;
Ferraz, Carlos Vale;Soldado;;
Ferreira, A.;1001 Provérbios Adágios e Ditos Populares Portugueses;;
Ferreira, Bruno;A Vida é um Cogumelo Verde;2014;
Ferreira, David Mourão;Um Amor Feliz;;
Ferreira, José Gomes;5 Caprichos Teatrais;;
Ferreira, José Gomes;Gaveta de Nuvens;;
Ferreira, José Gomes;O Mundo dos Outros;;
Ferreira, José Gomes;O Sabor das Trevas;;
Ferreira, José Gomes;Tempo Escandinavo;;
Ferreira, José Gomes;Tu, Liberdade;;
Ferreira, Serafim;Citações de Vasco Gonçalves;;
Ferreira, Vergílio;A Aparição;;
Ferreira, Vergílio;André Malraux;;
Ferreira, Vergílio;Mudança;;
Ferro, Rita;O vento e a lua;1992;Contexto
Ferrão, Nuno;Escutismo Católico;;
Fiadeiro, Maria Antónia;Aborto O Crime está na Lei;;
Fialho, Manuel;Receitas do Alentejo;;
Figueres, Leo;O Trotskismo;;
Filho, Artur Portela;A Funda 1;;
Filho, Artur Portela;A Funda 3;;
Filho, Artur Portela;A Funda Volume 2;;
Filipe Costa, Luis;As Borboletas na Gaiola;;
Filipe, Fernando De Jesus;Contos Almadenses;;
Filipović, Zlata;O Diário de Zlata;;
Finlay, Hugh;Marrocos, Argélia e Tunísia;;
Fitzgerald, F. Scott;O Grande Gatsby;;
Flood, Charles Bracelen;O Amor é uma Ponte;;
Flores, Francisco Moita;O Carteirista que Fugiu a Tempo;;
Flores, Sá;Justiça Flor Arado;;
FNAC, Editora;Discoteca Ideal Música Clássica;;
Fogaça, Carlos;Lisboa Experience;;
Follett, Ken;A Ameaça;;Editorial Presença
Follett, Ken;A Chave Para Rebecca;1980;
Follett, Ken;A Queda dos Gigantes;;Editorial Presença
Follett, Ken;Os Pilares da Terra - Volume I;;Editorial Presença
Follett, Ken;Os Pilares da Terra - Volume II;;Editorial Presença
"Follett, Ken; Follett, Ken";Um Mundo Sem Fim - Volume I;;
Follett, Ken;Uma Coluna de Fogo;;Editorial Presença
Fonseca, Carlos;A Origem da 1°Internacional em Lisboa;;
Fonseca, Manuel Da;Aldeia Nova;;
Fonseca, Manuel Da;O Fogo e as Cinzas;;
Fonseca, Manuel Da;Obra Poética;;
Fonseca, Manuel Da;Um Anjo no Trapézio;;
Fontaine, Pascal;A Construção Europeia de 1945 aos Nossos Dias;;
Fotocópia;Constituição de uma Cooperativa;;
Fotocópia;Código Cooperativo;;
Fotocópia;Estatuto Fiscal Cooperativo;;
Fotocópia;Prodescoop;;
Fotos;Sächsische Schweiz;;
Fragoso, João;Escultura e Tempo;;
Frank, Anne;O Diário de Anne Frank;;
França, José Augusto;A Arte em Portugal no Sec. XIX    Volume 2;;
França, José Augusto;O essential sobre Almada Negreiros;2003;Impresa nacional-Casa da Moeda
Freitas, Gina;A Força Ignorada das Companheiras;;
Freitas, Pedro Chagas;Ou é tudo ou não vale nada;2012;Chiado Editora
Freitas, Pedro Chagas;Prometo Falhar;;Marcador
Freitas, Pedro Chagas;É Urgente Amar;;Oficina do Livro
Fremontier, Jacques;Portugal Os Pontos nos ii;;
Fundão, Jornal Do;PIDE A História da Repressão;;
Gaarder, Jostein;O Enigma E O Espelho;;Editorial Presenca
Gaarder, Jostein;O Mundo De Sofia;;Editorial Presenca
Gageiro, Eduardo;Mulher;;
Galeria, Atelier;Albino Moura;;
Galhano, Fernando;Moinhos e Azenhas de Portugal;;
Gama, Arnaldo;O Balio de Leça;;
Gama, Sebastião Da;O Segredo é Amar;;
Gama, Sebastião Da;O Segredo é Amar;;
Gann, Ernest K.;O Aviador;;
Garlick, Dr. Kenneth;A Arte Inglesa e Norte-Amercana até 1900;;Editora Grolier
Garrett, Almeida;Viagens na Minha Terra;;
Gedeão, Antonio;A Poltrona e Outras Novelas;;
Gedeão, Antonio;R. T. X. 78/24;;
Genet, Jean;Nossa Senhora das Flores;;
Genet, Jean;Quatro Horas em Chatila;;
Gheorghiu, C. Virgil;A 25 Hora;;
Gilbert, Elizabeth;Orar, Amar, Comer;;Bertrand, Livraria
Gilbert, Martin;A Primeira Guerra Mundial  Volume 2;;
Gilbert, Martin;A Primeira Guerra Mundial Volume 7;;
Gilbert, Martin;História do Século XX;;
Gillard, Charles;Xeque aos Reis da Droga;;
Gimpel, Jean;A Revolução Industrial da Idade Média;;
Glebov, Vladimir;Maoismo As Palavras de Ordem e a Prática;;
Glennon, Will;O Manual do Pai;;
Godes, Jesus Mestre;Os Templarios;;
Goethe;Um Homem Feliz;;
Goethe;Weither;;
"Gomes, Adelino; Castanheira, José Pedro";Os Dias Loucos do PREC;;
Gomes, Dias;Meu Reino por um Cavalo;;
Gomes, Laurentino;1808;2014;Buobooks
Gomes, Laurentino;1822;;Globo Livros
Gomes, Laurentino;1889;;PORTO EDITORA
Gomes, Lindolfo;Contos Populares Brasileiros;;
Gomes, Soeiro Pereira;Engrenagem;;
Gomes, Soeiro Pereira;Esteiros;;
Gomes, Soeiro Pereira;Esteiros;;
Gomes, Soeiro Pereira;Obras Completas;;
Gomes, Soeiro Pereira;Refúgio Perdido;;
Gomes, Soeiro Pereira;Refúgio Perdido;;
Gomes, Varela;Sobre os Golpes Contra Revolucionários;;
Gonrad, Joseph;Lord Jim;;
Gonzalez, Maria Teresa Maia;Gaspar e Mariana;;
Gonzalez, Maria Teresa Maia;Os Herdeiros da Lua de Joana;;
Gonçalves, Bento;Escritos 1927-1930;;
Gonçalves, Bento;Os Comunistas;;
Gonçalves, Olga;Ora Esguardae;;
Gonçalves, Orlando;Caxias;;
Gonçalves, Vasco;Acerca da Doutrina Militar para Portugal e as suas Forças Armadas;;
Gonçalves, Vasco;Discursos;;
Gorky, Maxim;A Juventude de Alexis;;
Gorky, Maxim;Três Contos;1900;
Gottlieb, Andrew;Beber, Jogar, F*der;01/01/2009;
Grade, Fernando;O Livro do Cão;;
Grade, Fernando;Serenata ao Diabo;;
Grafias E Alfabetos;Alfabeto Hebraico;;
Grafias E Alfabetos;Alfabeto Japonês;;
Grafias E Alfabetos;Alfabeto Árabe;;
Grafias E Alfabetos;Caracteres Chineses;;
Grafias E Alfabetos;Escrita Maia;;
Grafias E Alfabetos;Hieróglifos;;
Grammophon, Deutsche;Vivaldi As Quatro Estações;;
Gramoza, José Pedro Ferrás;Gazeta de Lisboa 1755;;
Granada, Novais;Pornografia Política;;
Grandes Portugueses;Bartolomeu Lourenço de Gusmão;;
Grandes Portugueses;D. Miguel I;;
Grandes Portugueses;Dom Francisco de Almeida;;
Grandes Portugueses;Dom Gualdim Pais;;
Grandes Portugueses;Dom João de Castro;;
Grandes Portugueses;Fernão Lopes;;
Grandes Portugueses;Gil Vicente;;
Grandes Portugueses;Salvador Correia de Sá e Benevides;;
Grandes Portugueses;Santo António de Lisboa;;
Graves, Robert;Eu Cláudio;;
Graça, Fernando Lopes;Um Artista Intervém / Cartas com Alguma Moral;;
Greene, Graham;O Fim da Aventura;1951;
Greive, Bradley Trevor;"Um Dia ""Daqueles""";;
Grimal, Pierre;Dicionário da Mitologia Grega e Romana;;
Grolier, Editora;A Arte Moderna e Contemporânea Portuguesa de 1900 a 1979;;Editora Grolier
Grose, Anouchka;Já não há Canções de Amor;;Estrela Polar
Guareschi, Giovanni;D. Camilo e o seu pequeno mundo;;
Guevara, Che;A Aventura Boliviana;;
Guides, M.A.;Portugal;;
Guimarães, Sérgio;Da Resistência à Libertação;;
Gulbenkian, Fundação Calouste;Aquilino Ribeiro;;
Gulbenkian, Fundação Calouste;Ballet Gulbenkian 1985/1986;;
Halevy, L.;O Abade Constantino;;
Halverson, Sere;O Maior Amor do Mundo;;Porto Editora
"Hammacher, A. M.; Vandenbrande, Dr. R. Hammacher";A Arte Flamenga e Holandesa;;Editora Grolier
Hancock, Graham;Em Busca da Arca da Aliança;;
Harari, Yuval Noah;21 Lições para o Século XXI (3.ª Edição);;Elsinore
Harari, Yuval Noah;Homo Deus - História Breve do Amanhã (10ª Edição);;Elsinore
Harari, Yuval Noah;Sapiens: História Breve da Humanidade;01/01/2011;
"Harnecker, Marta; Uribe, Gabriela";Luta de Classes;;
Harrer, Heinrich;Sete Anos no Tibete;;
Harris, Bill;New York;;
Haziel;O Nosso Anjo da Guarda;;
Hemingway, Ernest;O Velho e o Mar;;
Hemingway, Ernest;Por Quem os Sinos Dobram;;
Hendrickson, Janis;Lichtenstein;;
Hennezel, Marie;O Coração Não Envelhece;;Casa das Letras
Henriques, Paulo;José Malhoa;;
Henry, O.;Contos;;
Hergé;Tintin;;
Hergé;Tintin Mystere de lavToison D'Or;;
Hergé;Tintin Objectif Lune;;
Hesse, Hermann;Siddhartha;;
Hesse, Hermann;Siddhartha;;
Hilts, Elizabeth;Descubra a Cabra Secreta que há em Si;;
"História, Fascículos; O Jornal";A Revolta Americana contra o Império Britânico;;
Hochhuth, Rolf;O Vigário;;
Hochhuth, Rolf;O Vigário;;
Hoover, Colleen;Isto Acaba Aqui;;Topseller
Hoover, Colleen;Isto Começa Aqui;;Topseller
Horta, Maria Teresa;Ambas as Mãos Sobre o Corpo;;
Horta, Maria Teresa;Dores;;
Horta, Maria Teresa;Mulheres de Abril;;
Hsi, Hu Chi;Mao Tse Tung;;
Hugo, Victor;França e Bélgica   Volume 1;;
Hugo, Victor;França e Bélgica Volume 2;;
Hugo, Victor;Hans da Islândia;;
Hugo, Victor;Noventa e Três I;;
Hugo, Victor;Noventa e Três II;;
Hugo, Victor;Os Miseráveis;;
Hélder, Herberto;Cobra;;
Impala, Editora;Rita Hayworth;;
Indrio, Francisco;Agricultura Biológica;;
Isambert, Fernande;Avós Modernos;;
Ishiguro, Kazuo;Os Inconsolados;;Gradiva
"Jacques, Jean; Schreiber, Servan";O Desafio Mundial;;
James, E L;As Cinquenta Sombras de Grey;;Lua De Papel
James, Henry;Daisy Miller;;
James, Henry;Retrato de uma Senhora;;
"Javal, Paraf; Libertad, Albert";O Absurdo da Política;;
Jesus, Carolina Maria De;Quarto de Despejo;;
Joaninha;Joaninha;;
Jorge, Lídia;O Cais das Merendas;;
Jorge, Lídia;O Dia dos Pródigos;;
Jorge, Rui;A Verdade vem Depois;;
Jorge, Rui;Jangada;;
Jose Rodrigues Santos;Furia Divina;;Imprint unknown
Juaristi, Jon;El Bucle Melancólico;;
Julio Magalhães;Amor Em Tempos De Guerra, Um;;Imprint unknown
Júdice, Nuno;O Mistério da Beleza;;
K, Edição;Kapa;;
Kafka, Franz;Metamorfose;;
Kafka, Franz;Metamorfose;;
Kanin, Garson;A Rainha do Ferro Velho;;
Katins, Gruppe Dr.;Reportagem Sobre uma Revolução;;
Kelly, Cathy;Alguém Como Tu;01/01/2000;
Keyes, Marian;Casório?!;;Bertrand
Khomeini;Breviário de Khomeini;;
Khosa, Ungulani Ba Ka;Gungunhana;;Porto Editora
King, Luther;O Bom Combate;;
King, Stephen;A Luz;;
King, Stephen;Angústia;;
Kingma, Daphne Rose;O Futuro do Amor;;
Korolenko, Vladimiro;O Músico Cego;;
Kramer, Samuel Noah;A História Começa na Sumeria;;
Krauss, Nicole;A História do Amor;;Dom Quixote
La Fontaine;Fábulas de La Fontaine;;
Laclotte, Michel;A Arte Francesa de 1350 a 1850;;Editora Grolier
Lagoeiro, Joaquim;As Castigadas;;
Lampedusa, Giuseppe Tomasi di;O Leopardo;25/10/1958;
Lang, Jack;Nelson Mandela - Uma lição de vida;2004;
"Lapierre, D.; Collins, L.";Paris Já Está a Arder;;
Lapierre, Dominique;Esta Noite a Liberdade;;
Laranja, Guia;Lisboa e Costa de Lisboa;;
Lartéguy, Jean;As Muralhas de Israel;;
Lartéguy, Jean;Os Centuriões;;
Last, Cynthia G.;S.O.S. Crianças;;
Lee, Harper;Mataram a Cotovia;;Relógio Dágua
Leiria, Mário Henrique;Contos do Gin Tonic;;
Leiria, Mário Henrique;Novos Contos do Gin;;
Lello & Irmão, Editores;Lello Universal Volume 1;;
Lello & Irmão, Editores;Lello Universal Volume 2;;
Lem, Stanislaw;Memórias Encontradas numa Banheira;;
Lenine;V. I. LENINE;;
Ler, Revista;Entrevista com Luis Pacheco;;
Letria, José Jorge;Cantos de Revolução;;
Letria, José Jorge;Navegador Solitário;;
Letria, José Jorge;Os Dias Cantados;;
Letria, José Jorge;UM AMOR PORTUGUÊS;;Editorial Notícias
Liber, Edições;Chile   Livro Negro;;
Libertário, Atneu;Agenda Anarquista   1990;;
Libertário, Centro De Cultura;Antítese;;
Libertário, Centro De Cultura;Antítese;;
Libertário, Centro De Cultura;Antítese Agosto 1989;;
Libertário, Centro De Cultura;Antítese Dezembro 1984;;
Libertário, Centro De Cultura;Antítese Dezembro 1986;;
Libertário, Centro De Cultura;Antítese Março 1985;;
Lima, Campos;O Movimento Operário em Portugal;;
Lipátov, Vil;O Detective Siberiano;;
Lisboa, Câmara Municipal De;Botero em Lisboa;;
Lisboa, Câmara Municipal De;Lisboa    Obra Feita;;
Lisboa, Irene;Queres ouvir?  Eu Conto;;
Lisboa, Irene;Uma Mão Cheia de Nada Outra de Coisa Nenhuma;;
Llosa, Mario Vargas;Conversa na Catedral;;
Llosa, Mario Vargas;Lituma nos Andes;;
Llosa, Mario Vargas;O Paraíso na Outra Esquina;;
Llosa, Mario Vargas;Os Cadernos de Dom Rigoberto;;
Lobato, Gervásio;Lisboa em Camisa;;
Lobo, Fernando;Amadora Cidade;;
Lohmann, Hans Martin;Sigmund Freud;;
Lopes, Fernão;História de uma Revolução;;
Lopes, Margarida Santos;Arafat;;
Lopes, Oscar;Uma Espécie de Música;;
Lopes, Óscar;Álbum de Família;;
Lorca, Federico García;Obra Poética Garcia Lorca;;Relógio D''Água
Lorca, Federico García;Obras Completas I;;
Lorca, Federico García;Obras Completas II;;
Losa, Ilse;Um Artista chado Duque;;
Lourenço, Vasco;Do Interior da Revolução;;
Lourenço, Vasco;No Regresso Vinham Todos;;
Louro, Sónia;O Cônsul Desobediente;;Saída de Emergência
Lozzi Roma, Edizioni;Roma das Origens aos Nossos Dias;;
Lusco Fusco, Edição;Do Amor Admirável e da Vida Sórdida;;
Luís, Agustina Bessa;Os Meninos de Ouro;;
Lénine, V. I.;A Comuna de Paris;;
Lénine, V. I.;Obras Escolhidas;;
Lúcio, Manuel Camacho;Receitas do Baixo Alentejo;;
Maalouf, Amin;A Odisseia de Baldassare;;Marcador
Maalouf, Amin;As Cruzadas Vistas pelos Árabes;;
Maalouf, Amin;Samarcanda;;
Machtan, Lothar;A Face Oculta de Hitler;19/11/2001;
Magro, José;Cartas da Prisão;;
Magro, José;Torre Cinzenta;;
Maia, Salgueiro;Capitão de Abril;;
Mailer, Norman;O Fantasma de Harlot;02/10/1991;
Mailer, Norman;Os Nus e os Mortos;;
Maitron, Jean;Ravachol e os Anarquistas;;
Marighella;Manual do Guerrilheiro Urbano;;
Marques, Abilio Belo;Citações de Américo Tomaz;;
Marques, Jose Manuel;O reino;2014;Marcador
Marques, Oliveira;História de Portugal Volume 1;;
Marques, Oliveira;História de Portugal Volume 2;;
MARQUEZ, GABRIEL GARCIA;A Revoada;;
MARQUEZ, GABRIEL GARCIA;Cem Anos de Solidão;;
MARQUEZ, GABRIEL GARCIA;Crónica de uma morte anunciada;;Publicacoes Dom Quixote
MARQUEZ, GABRIEL GARCIA;Memórias das Minhas Putas Tristes;;
MARQUEZ, GABRIEL GARCIA;O Outono do Patriarca;;
Marreiros, Glória;Catrina;;
MARTIN, GERALD;Gabriel García Márquez - Uma Vida;;Dom Quixote
Martins, Maria João;O Paraíso Triste;;
Marx, Karl;Miséria da Filosofia;;
Mateus, Alvaro;A Política e as Palavras;;
"Mattoso, A.; Henriques, A.";História Geral e Pátria  Volume 1;;
"Mattoso, A.; Henriques, A.";História Geral e Pátria Volume 2;;
Maugham, Somerset;O Fio da Navalha;;
Maugham, Somerset;Vermelho;;
Maugham, W. Somerset;Paixão em Florença;1941;
"Maugham; Somerset";Servidão Humana;;ASA EDIÇOES
McCarthy, Cormac;Este País não é para Velhos;;
McNab, Tom;A Corrida de Flanagan;;
McShade, Dennis;Requiem para D. Quixote;;
MDP / CDE;8 Histórias;;
MDP;MDP Programa e Estatutos;;
MDP;Programa do Movimento das Forças Armadas;;
Medina Carreira, Henrique;O Estado e a Segurança Social;;
Medina, João;História Contemporânea de Portugal  1 a 5 Volumes;;
Melo, Carlos Gouveia E;Viagem;;
Melo, D. Francisco Manuel De;Hospital das Letras;;
Melo, D. Francisco Manuel De;O Fidalgo Aprendiz;;
Melo, Guilherme De;Ser Homossexual em Portugal;;
Melville, Herman;Billy Budd;;
Melville, Herman;Moby Dick;;
Mendes, Fonseca;Lisboa e os Curiosos Fastos do seu Porto;;
Mendonça, Manuela;O Sonho da União Ibérica   1475-1479;;
Menezes, Maria João Saraiva De;O Pequeno Livro da Etiqueta e Bom Senso;;
Meng, Hong;Exposição de Fotografia Pin Hole;;
Messadié, Lussato;O Desafio à Cultura;;
Metalious, Grace;Regresso a Peyton Place;;
Miguel, Francisco;Uma Vida na Revolução;;
Miguéis, José Rodrigues dos;O Pão não cai do Céu;;
Miller, Hugh;Vento de Neve;;
Miranda, Miguel;Contos a Moda do Porto;;
Mistral, Frederico;Mirèia;;
Mitchell, Margaret;E Tudo o Vento Levou Volume 1;;
Mitchell, Margaret;E Tudo o Vento Levou Volume 2;;
Modesto, Maria De Lourdes;Cozinha Tradicional Portuguesa;;
Moniz, Jorge Botelho;Artes Plásticas;;
Monjardino, Miguel;Martin Luther King;;
Monsanto, Parque Florestal De;Mimetismo e Camuflagem;;
Monsanto, Parque Florestal De;Musgo e Líquenes;;
Montalbán, Manuel Vásquez;Os Pássaros de Banguecoque;;
Monteiro, Cáceres;Apogeu e Queda de Bernardo Malaquias, Ministro Libertino;;
Monteiro, Henrique;Mahatma Gandhi;;
Monteiro, Luis De Sttau;2 Peças em um Acto;;
Monteiro, Luis De Sttau;As Mãos de Abraão Zacut;;
Monteiro, Luis De Sttau;Felizmente Há Luar;;
Monteiro, Luis De Sttau;Redacções da Guidinha;;
Monteiro, Luis De Sttau;Redacções da Guidinha;;
Monteiro, Luis De Sttau;Todos os Anos pela Primavera;;
Monteverdi, Mario;A Arte Italiana até 1850;;Editora Grolier
Moody Jr., Raymond A.;Reflexões sobre a Vida depois da Vida;;
Moody Jr., Raymond A.;Vida depois da Vida;;
Moraes, Vinicius De;O Poeta não tem Fim;;
Mormon;O Livro de Mormon;;
Moroney, Davitt;Bach  Uma Vida;;
Morris, Desmond;O Macaco Nu;;
Moura, Vasco Graça;D. Dinis    Cancioneiro;;
Mourato, Domingos;Catálogo dos Livros;;
Mourato, Domingos;Lusíadas;;
Mourato, Noémia;Moral e Civismo;;
Moutinho, José Viale;Portugal Lendário    Lendas e Tradições;;Selecções Readers Digest
Moutinho;José Afonso José Viale;;
Murakami, Haruki;1Q84  Livro 3;2009;
Murakami, Haruki;1Q84 - Livro 1;;Casa das Letras
Murakami, Haruki;1Q84 - Livro 2;;Casa das Letras
Murakami, Haruki;A Sul da Fronteira, A Oeste do Sol;;Editora Casa das Letras
Murakami, Haruki;Kafka à Beira-Mar;;
Murakami, Haruki;Ouve a Canção do Vento & Flíper;;
Muralha, Sidónio;Poemas de Abril;;
Myers, Bernard;Como Apreciar a Arte;;Editora Grolier
N Um;Cooltura   94;;
Nacional, Editora Património;Valle de Los Caidos;;
Namora, Fernando;A Noite e a Madrugada;;
Namora, Fernando;As Setes Partidas do Mundo;;
Namora, Fernando;Cavalgada Cinzenta;;
Namora, Fernando;Domingo à Tarde;;
Namora, Fernando;Estamos no Vento;;
Namora, Fernando;Os Clandestinos;;
Namora, Fernando;Retalhos da Vida de um Médico;;
Namora, Fernando;Um Sino na Montanha;;
Napier, Bill;O Segredo da Cruz de Cristo;02/02/2004;
Naturanimal;Para os Animais, o Circo não tem Piada;;
Navarro, Antonio Modesto;Libelo Acusatório;;
Navarro, Antonio Modesto;O Norte a Cantar a Reforma Agrária;;
Nações, Parque Das;Músicos Invisíveis;;
Negreiros, José Almada;Contos e Novelas;;
Negreiros, José Almada;Deseja-se Mulher;;
Negreiros, José Almada;Desenhos de Almada;;
Negreiros, José Almada;Ensaios;;
Negreiros, José Almada;Poesia;;
Negreiros, José Almada;Romance;;
Negreiros, José Almada;SW Sudoeste;;
Negreiros, José Almada;Teatro;;
Negreiros, José Almada;Textos de Intervenção;;
Nemésio, Vitorino;Caatinga e Terra Caida;;
"Nemésio, Vitorino; RTP, Livros";Quatro Prisões Debaixo de Armas;;
Neruda, Pablo;Canto Geral;;
Neruda, Pablo;Confesso que Vivi;;
Neto, Agostinho;Ainda o Meu Sonho;;
Neto, Agostinho;Náusea/ O Artista;;
Neto, Eugénia;As Nossas Mãos Constroem a Liberdade;;
Neto, Eugénia;Este é o Canto;;
Neto, Lira;Arrancados da Terra;28/07/2021;OBJECTIVA
Neves, Carreiras Das;Ser Poeta é Ser Sempre Menino;;
Neves, Orlando;Diário de uma Revolução;;
Newton, Michael;A Viagem das Almas;;
Nietzsche;A Gaia Ciência;;
Nobre, Antonio;Guilherme de Castilho;;
Nobre, Antonio;Primeiros Versos e Cartas Inéditas;;
Nobre, Antonio;Só;;
Nocturne, Editions;Ella Fitzgerald;;
North, Will;Entre o Céu e a Montanha;;
Noticias, Diário De;A II Guerra Mundial;;
Noticias, Diário De;Enciclopédia Diário de Notícias;;
Noticias, Diário De;Enciclopédia Diário de Notícias;;
Noticias, Diário De;Noticias do Milénio;;
Noticias, Diário De;Os Discursos de Goebbles;;
Noticias, Diário De;Portugal Memórias das Cidades;;
Noticias, Diário De;Portugal Um Século de Imagens;;
Noticias, Diário De;Rotas da Terra e do Mar;;
Nova, Seara;Seara Nova   Novembro 1973;;
Nova, Seara;Seara Nova  Setembro 1972;;
Nova, Seara;Seara Nova Abril 1971;;
Nunes, Rui;Grito;;
Núcleo De Música;Mostra (0/95);;
O Jornal;João Abel Manta;;
O Público;Botero;;
O' Neill, Alexandre;Coração Acordeão;;
Ohnet, Jorge;Corações Doloridos;;
Olimpio, Eduardo;Antonio dos Olhos Tristes;;
Olimpio, Eduardo;As Cavalitas do Tempo;;
Olimpio, Eduardo;Um Girassol Chamado Beatriz;;
Olivaes, Rita;Eu, Simone, me Confesso;;
Oliveira, Adriano de;Terapêutica Biológica;;
Oliveira, Carlos De;Pequenos Burgueses;;
Oliveira, Carlos De;Uma Abelha na Chuva;;
Oliveira, César;O Primeiro Congresso do PCP;;
Oliver, Jamie;Dias Felizes com Jamie Oliver;;Livraria Civilização Editora
OLP;O Holocausto Palestiniano;;
Onstott, Kyle;Mandingo;;
Oom, Paulo;O Plano de Saúde das Crianças;;
Operária, Caixa Económica;Sobre a Graça;;
Orwell, George;1984;;
Orwell, George;Homenagem a Catalunha;;
Orwell, George;O Triunfo dos Porcos;;
Ostrovski, Nikolai;Assim foi Temperado o Aço;;
Osório, Ramiro S.;As 21 Noites & os 12 Valiums;;
Oyono, Ferdinand;O velho Preto e a Medalha;;
Pacheco, Fernando Assis;Walt;;
Pacheco, José;Stuart;;
Paiva, Teresa;Bom sono boa vida;;
Paixão, Pedro;A Cidade Depois;;
Paixão, Pedro;A Noiva Judia;;
Palacio, R J;Milagre 2012;;Uma editora do grupo LeYa
Paredes, Carlos;Movimento Perpétuos;;
Parry, Robert;Manual de Tai Chi;;
Pasternak, Boris;O Doutor Jivago;;
Pastorinho, C. Torres;Minutos de Sabedoria;;
Pastorinho, C. Torres;Minutos de Sabedoria;;
Paulistas, Edições;Nervos e Cérebro;;
Paulistas, Edições;O Coração;;
Paulistas, Edições;Os Cinco Sentidos;;
Paulistas, Edições;Ossos e Músculos do Nosso Corpo;;
Paulo, Amilcar;A Dispersão dos Sephardim;;
Paulo, Rogério;Um Actor em Viagem;;
Pavão, Luis;Tabernas de Lisboa;;
Paz, Abel;O Povo em Armas;;
PC(R);Política Operária;;
Pedrosa, Inês;A Instrução dos Amantes;;
Pedrosa, Inês;Fica Comigo esta Noite;;
Pedroso, Alberto;Raul Proença - Panfletário e Jornalista de Folhas Clandestinas;;
Peixoto, José Luís;Contos;;
Pekkanen, Sarah;Dias de Paixão;01/01/2013;
Pepetela;As Aventuras de Ngunga;;
Pepetela;O Planalto E a Estepe;;Publicacoes Dom Quixote
Pepetela;Predadores;;Lisboa: Dom Quixote
Pereira, José Pacheco;Álvaro Cunhal;;
Pereira, Pedro Theotonio;Memórias 1;;
Pereira, Pedro Theotonio;Memórias 2;;
Peres, Damião;História dos Descobrimentos Portugueses;;
Pessoa, Fernando;A Essência do Comércio;;
Pessoa, Fernando;Cartas de Amor;;
Pessoa, Fernando;Contos Policiais;;
Pessoa, Fernando;Liberdade e Outros Poemas Ortónimos;;
Pessoa, Fernando;Mensagem;;
Pessoa, Fernando;O Banqueiro Anarquista;;
Pessoa, Fernando;O Virgem Negra;;
"Pessoa, Fernando; Carneiro, Mário De Sá";Orpheu 1;;
"Pessoa, Fernando; Carneiro, Mário De Sá";Orpheu 2;;
Pessoa, Fernando;Poemas;;
Pessoa, Fernando;Poesias Inéditas  1930-1935;;
Pessoa, Fernando;Poesias Inéditas 1919-1930;;
Pessoa, Fernando;Quadros ao Gosto Popular;;
Pessoa, Fernando;Sobre a República;;
Photo, Revista;Photo;;
Pierrard, Pierre;História da Igreja Católica;;
Pimenta, Alberto;A Visita do Papa;;
Pimenta, Alberto;O Discurso sobre o Filho da Puta;;
"Pina, Manuel António; Rego, Paula";A História do Capuchinho Vermelho Contado as Crianças e nem por isso;;
Pinheiro, Jorge;Os Poemas da Minha Vida;;
Pintassilgo, Maria De Lourdes;Sulcos do Nosso Querer Comum;;
Pinto, Cândida;Snu e a Vida Privada com Sá Carneiro;;Dom Quixote
Pinto, Fernão Mendes;Peregrinação;;
Pinto, Fernão Mendes;Peregrinação II;;
Pinto, Jaime Nogueira;Salazar Visto pelos seus Próximos;;
Pires, José Cardoso;Alexandra Alpha;;
Pires, José Cardoso;Balada da Praia dos Cães;;
Pires, José Cardoso;Balada da Praia dos Cães;;
Pires, José Cardoso;De profundis, valsa lenta;;Brand: Publicacoes Dom Quixote
Pires, José Cardoso;E Agora, José?;;
Pires, José Cardoso;Lisboa Livro de Bordo;;
Pires, José Cardoso;Lisboa Livro de Bordo;;
Pires, José Cardoso;Lisboa Livro de Bordo;;
Pires, José Cardoso;O Anjo Ancorado;;
Pires, José Cardoso;O Burro em Pé;;
Pires, José Cardoso;O Delfim;;
Pires, José Correia;A Revolução Social e a sua Interpretação Anarquista;;
Planet, Lonely;Londres;;
Planet, Lonely;Nova Iorque;;
Planet, Lonely;Praga;;
Platão;Fedro;;
Polevoi, Boris;Historia de um Verdadeiro Homem;;
Polevoi, Boris;Nosso Lenine;;
Politzer, Georges;Princípios Elementares de Filosofia;;
Pomar, Júlio;Alguns Eventos;;
Popular, Educação;Cultura Educação Popular;;
Popular, Unidade;Se Fores Preso Camarada;;
Portugal, Fórum;Lisboa Guia Urbano;;
Portuguesa, Cinemateca;Mário Viegas;;
Poético, Fanzine;Broche Suburbano;;
Prabhupada;Fácil Viagem a outros Planetas;;
Pratolini, Vasco;Crónica Familiar;;
"Prefácio; Tavares, Miguel Sousa";Ernest Hemingway;;
Prelo, Documentos;Discursos de Fidel Castro;;
Pro Teste, Deco;Consumo Ecológico;;
Progredir, Editora Livraria E.;Moral e Educação Cívica;1949;
Puzo, Mario;O Siciliano;;
Pádua, Fernando;O Livro do Coração;;
Público, Edições;1755  O Grande Terramoto de Lisboa;;
Público, Edições;1755 Providências do Marquês de Pombal;;
Público, Edições;1755 Sobre as Causas dos Terramotos;;
Público, Edições;A Herança de Nobel;;
Público, Edições;Lisboa Sem Terramoto;;
Público, Edições;O Porto e as Invasões Francesas   Volume III;;
Público, Edições;O Porto e as Invasões Francesas Volume I;;
Público, Edições;O Porto e as Invasões Francesas Volume II;;
Público, Edições;O Porto e as Invasões Francesas Volume IV;;
Público;ABCedario do Islão;;
Público;Exercita a tua Mente;;
Público;História Universal 1;;
Público;Morgado e Sanches;;
Público;Portugal   Radiografia de um País em Dívida;;
Público;Século Assassino;;
Qathafi, Muammar Al;O Livro Verde;;
Queiroga, Fernando;Portugal Oprimido;;
Queiroz, Eça;A Correspondência de Fradique Mendes;;
Queiroz, Eça;A Relíquia;;
Queiroz, Eça;As Minas de Salomão;;
Queiroz, Eça;As Minas de Salomão;;
Queiroz, Eça;Notas Contemporâneas;;
Queiroz, Eça;O Conde D'Abranhos e a Catástrofe;;
Queiroz, Eça;O Crime do Padre Amaro;;
Queiroz, Eça;O Mandarim;;
Queiroz, Eça;O Primo Basílio;;
Queiroz, Eça;O Suave Milagre e Outras Páginas;;
Queiroz, Eça;Os Maias;;
Quental, Antero De;Sonetos;;
Quidnovi, Edições;O Grande Livro dos Papas;;
Ramirez, Spido;Truques para Eliminar a Barriga;;
Ramos, Graciliano;Memórias do Cárcere;;
Ramos, João Fernando;D. João I;2013;A Esfera dos Livros
Ramos, Rui;História de Portugal 1;;
Ramos, Rui;História de Portugal 2;;
Rarissimas;Vidas Raras;;
Reader, Paul;Os Haréns e os seus Mistério s;;
Rebelo Pinto, Margarida;A Minha Casa é o Teu Coração;;
Rebelo Pinto, Margarida;A rapariga que perdeu o coração;;
Rebelo Pinto, Margarida;Diário da tua ausência;2006;
Rebelo Pinto, Margarida;Gugui, o dragão azul;;Oficina do Livro
Rebelo Pinto, Margarida;Há Sempre Uma Primeira Vez;;Clube do Autor
Rebelo Pinto, Margarida;I'm In Love With a Pop Star;2003;
Rebelo Pinto, Margarida;Mariana, meu amor;;
Rebelo Pinto, Margarida;Minha Querida Inês;;Clube do Autor (7 Novembro 2011)
Rebelo Pinto, Margarida;O Amor é Outra Coisa;;
Rebelo Pinto, Margarida;O Dia em que te Esqueci;;
Rebelo Pinto, Margarida;Onde Reside o Amor;;
Rebelo Pinto, Margarida;Os Milagres Acontecem Devagar;;
Rebelo Pinto, Margarida;Podia ser mentira mas é verdade;01/06/2009;
"Rebelo Pinto, Margarida; Livro, Oficina do";Português Suave;;Oficina do Livro
Rebelo Pinto, Margarida;Quando voltares para mim;;Clube do Autor
Rebelo Pinto, Margarida;Vou Contar-te um Segredo;;
Redol, Alves;A Barca dos Sete Lemes;;
Redol, Alves;Anúncio;;
Redol, Alves;Avieiros;;
Redol, Alves;Barranco de Cegos;;
Redol, Alves;Constantino Guardador de Vacas e Sonhos;;
Redol, Alves;Fanga;;
Redol, Alves;Gaibeus;;
Redol, Alves;Historias Afluentes;;
Redol, Alves;O Cavalo Espantado;;
Redol, Alves;O Muro Branco;;
Redol, Alves;Olhos de Água;;
Redol, Alves;Os Reinegros;;
Redol, Alves;Uma Fenda na Muralha;;
Rego, José Lins Do;Doidinho;;
Rego, Raul;O Processo de Damião de Goes na Inquisição;;
Rego, Raul;O Ultimo Regimento da Inquisição Portuguesa;;
Reich, Wilhelm;Escuta Zé Ninguém;;
Reis, Patrícia;Chave de Entendimento para uma Sinfonia Perdida;;
Reis, Ricardo;Prefiro Roas, Meu Amor, à Pátria o outrs Odes;;
Reportagem, Grande;100 Edições;;
Reportagem, Grande;A Defesa Costa;;
Reportagem, Grande;A Testemunha do Holocausto;;
Reportagem, Grande;Assim Morreu Che Guevara;;
Reportagem, Grande;Biafra A Guerra Secreta de Portugal;;
Reportagem, Grande;Cabo Verde Contra toda a Esperança;;
Reportagem, Grande;Coreia do Norte.... O Alvo mais Forte;;
Reportagem, Grande;O Tesouro das Índias;;
Reportagem, Grande;Portugal a 18 Província de Espanha;;
Reportagem, Grande;Vários Temas;;
Reportagem, Grande;África;;
Repossi, Giordano;A Geologia;;
Ribakov, Anatoli;Os Filhos da Rua Arbart;;
Ribeiro, Aquilino;A Batalha sem Fim V;;
Ribeiro, Aquilino;A Casa Grande de Romarigães XVI;;
Ribeiro, Aquilino;Andam Faunos pelos Bosques III;;
Ribeiro, Aquilino;Aventura Maravilhosa de D. Sebastião VII;;
Ribeiro, Aquilino;Caminhos Errados VII;;
Ribeiro, Aquilino;Casa do Escorpião IX;;
Ribeiro, Aquilino;Cinco Reis de Gente XIII;;
Ribeiro, Aquilino;Humildade Gloriosa  XV;;
Ribeiro, Aquilino;Lápides Partidas XI;;
Ribeiro, Aquilino;Maria Benigna  VI;;
Ribeiro, Aquilino;Mónica IX;;
Ribeiro, Aquilino;O Arcanjo Negro XII;;
Ribeiro, Aquilino;O Homem que matou o Diabo  IV;;
Ribeiro, Aquilino;O Malhadinhas / Mina de Diamantes   VIII;;
Ribeiro, Aquilino;Quando os Lobos Uivam XVII;;
Ribeiro, Aquilino;Romances Completos;;
Ribeiro, Aquilino;S. Banaboião Anacoreta e Mártir VIII;;
Ribeiro, Aquilino;Terras do Demo II;;
Ribeiro, Aquilino;Uma Luz ao Longe XIV;;
Ribeiro, Aquilino;Volfrâmio X;;
Richebourg, E.;A Avó   I;;
Richebourg, E.;A Avó II;;
Rius;Marx para Principiantes;;
Robbins, Harold;O Garanhão;;
Robbins, Harold;Os Insaciáveis I;;
Robbins, Harold;Os Insaciáveis II;;
Roberto, Júlio;Poema Ecológico;;
Rocha, Canais;Sindicatos Tarefas de ontem e de hoje   1926-1927;;
Rocha, Luís Miguel;O Último Papa;;Porto Editora
Rodrigues, Edgar;A Oposição Libertária em Portugal   1939-1974;;
Rodrigues, Edgar;A Resistência Anarco Sindicalista à  Ditadura;;
Rodrigues, Edgar;ABC do Anarquismo;;
Rodrigues, Miguel Urbano;Revolução e Vida;;
Rodrigues, Urbano Tavares;A Impossível Evasão;;
Rodrigues, Urbano Tavares;A Noite Roxa;;
Rodrigues, Urbano Tavares;As Pombas são Vermelhas;;
Rodrigues, Urbano Tavares;Bastardos do Sol;;
Rodrigues, Urbano Tavares;Casa de Correcção;;
Rodrigues, Urbano Tavares;Deriva;;
Rodrigues, Urbano Tavares;Os Poemas da Minha Vida;;
Rodrigues, Urbano Tavares;Registos do Outono Quente;;
Rogan, Johnny;Neil Young;;
Rogers, Carl R.;Tornar-se Pessoa;;
Rolin, Olivier;O Meu Chapéu Cinzento;;
Rondenberg, Hans Peter;Ernest Hemingway;;
Rosengarten, Ruth;Paula Rego, 25 Perspectivas;;
"Rossif, Frédéric; Chapsal, Madeleine";Morrer em Madrid;;
Rousseau, Jean Jacques;O Contrato Social;;
Roy, Arundhati;O Deus das Pequenas Coisas;;
RTP, Livros;Cem Obras Primas da Pintura Europeia;;
Ruivo, Beatriz;O Sindicalismo do Funcionalismo Público na I República;;
Rushdie, Salman;Luka e o fogo da Vida;;
Rushdie, Salman;Os versículos Satanicos;;
Rushdoony, Rousas;A Política da Pornografia;;
Régio, José;O Príncipe com Orwlhas de Burro;;
Régio, José;O Vestido Cor de Fogo;;
"Régio, José; RTP, Livros";O Vestido Cor de Fogo;;
Régio, José;Poemas de Deus e o Diabo;;
S. Luis, Teatro;Mário volta a atacar;;
S. Marcos;O Evangelho de Jesus Cristo;;
Sacramento, Mario;Diário;;
Sagan, Carl;Cosmos;;
Saint-Exupéry, Antoine;O Principezinho;;
Saint-Exupéry, Antoine;O Principezinho;;
Salgado, Sebastião;Trabalho;;
Salmos Provérbios;Novo Testamento;;
Salvado, Antonio;Anunciação e Natal na na Poesia Portuguesa;;
Salvador, José A.;José Afonso O Rosto da Utopia;;
Salvat, Editorial;O Realismo, O Impressionismo;;
Sam;Ai, Jesus;;
Sampaio, Albino Forjaz De;Palavras Cínicas;;
Sanches, A. N. Ribeiro;Cristãos Novos e Cristãos Velhos em Portugal;;
Sand, George;Indiana;;
Sanderson, Stewart;Ernest Hemingway;;
Sansom, C. J.;Revelação;2009;Porto Editora
Santa Ritta, Gonçalo;Portugal A Expressão da Paisagem;;
Santareno, Bernardo;A Promessa;;
Santareno, Bernardo;O Crime de Aldeia Velha;;
Santareno, Bernardo;O Judeu;;
Santos, Antonio Costa;Diário de um Gajo Divorciado em Tempos de Crise;;
Santos, Ary Dos;As Portas que Abril Abriu;;
"Santos, Ary Dos; Calvet, Nuno";Foto-Grafias;;
Santos, Ary Dos;O Sangue das Palavras;;
Santos, Ary Dos;Resumo;;
Santos, Ary Dos;VIII Sonetos;;
Santos, Ary Dos;Vinte Anos de Poesia;;
Santos, José Rodrigues dos;A Verdade da Guerra;01/01/2002;
Santos, José Rodrigues dos;O Manuscrito de Birkenau;;Gradiva
Santos, José Rodrigues dos;O Mágico de Auschwitz;;Gradiva
"SANTOS, LILIANA; Books, Prime";RECEITAS À MEDIDA;;Prime Books Sociedade Editorial
"Saraiva, Antonio José; Lopes, Óscar";História da Literatura Portuguesa;;
"Saraiva, António José; Lopes, Óscar";História da Literatura Portuguesa;;
Saraiva, Arnaldo;Sérgio Godinho;;
Saraiva, Jose Manuel;Aos Olhos de Deus;;
Saraiva, José Hermano;História Concisa de Portugal;;
Saraiva, José Hermano;História de Portugal  1 a 6 Volumes;;
Saramago, Jose;Historia Do Cerco De Lisboa;;Editorial Caminho
Saramago, Jose;Memorial Do Convento;;Editorial Caminho
Saramago, José;Evangelho Segundo Jesus Cristo;;Caminho
Saramago, José;Evangelho Segundo Jesus Cristo : Romance;;Caminho
Saramago, José;A Jangada de Pedra;;
Saramago, José;A Noite;;
Saramago, José;As Opiniões que o DL teve;;
Saramago, José;As Pequenas Memorias;;Caminho
Saramago, José;Cadernos de Lanzarote;;
Saramago, José;Cadernos de Lanzarote;1998;Luso Brazilian Books
Saramago, José;Caim;;
Saramago, José;Levantado do Chão;;
Saramago, José;Manual de Pintura e Caligrafia;;
Saramago, José;Memorial do Convento;1982;
Saramago, José;O Ano de 1993;;
Saramago, José;Provavelmente Alegria;;
Saramago, José;Que Farei com este Livro;;
Saramago, José;Todos os Nomes;;
Sartre, Jean Paul;As Palavras;;
Sartre, Jean Paul;Jean Paul Sartre - Vida Pensamento e Obra;;
Sartre, Jean Paul;O Diabo e o Bom Deus;;
Sartre, Jean Paul;Os Dados estão Lançados;;
Sat;Sat A Palavra dos Mestres;;
Saúde, Instituto Nacional De;Prevenção da Doença Coronária;;
Schleifer, Simone K.;Nude Photography;;Endeavour
Schreiner, Gérard A.;Vieira da Silva 1933-1991;;
Schumann, Walter;Gemas do Mundo;;
Schwanitz, Dietrich;Cultura;;
Scott, Walter;Ivanhoe;;
Seabra, Zita;O Nome das Coisas;;
Segur, Condessa De;Depois da Tempestade;;
Sem Autor;Cruzadexas;;
Sem Autor;Receitas;;
Semionov, Iulian;Dezassete Instantes de uma Primavera;;
Sena, Jorge De;O Físico Prodigiosa;;
Sena, Jorge De;Os Grãos Capitães;;
Serra, Alberto;O Aparo do Demónio;;
Serra, João Pavão;Filhos da Estrada e do Vento;;
Sevilla, Hotel;Mapa de Sevilla;;
Sharpe, Tom;Balbúrdia na Cidade;;
Shaw, Bernard;Um Socialista Insociavel;;
Siclier, Jacques;Ingmar Bergman;;
Sienkiewicz, Henry;Quo Vadis?;;
Silva, Agostinho da;A última conversa Agostinho da Silva;1995;Editorial Notícias
Silva, Agostinho da;Cadernos Biográficos;;
Silva, Agostinho da;Carta Vária;;
Silva, Agostinho da;Citações e Pensamentos de Agostinho da Silva;11/2009;
Silva, Agostinho da;Herta Teresinha Joan;;
Silva, Antunes;O Amigo das Tempestades;;
Silva, Antunes;Suão;;
Silva, Daniel Jorge Da;A Voz do Mar;;
Silva, Gabriel Rui;Instalação;;
Silva, Gabriel Rui;Instalação Romance;;
Silva, Helena Vaz Da;Raiz e Utopia;;
Silva, Joaquim Palminha;A Revolução da Maria da Fonte;;
Silva, Josué Da;O Julgamento da Rede Bombista;;
Silva, Josué Da;Os 3 Dias do Diabo;;
Silva, Josué Da;Um Deus na Palma da Mão;;
Silva, Josué Da;Um Deus na Palma da Mão;;
Simões, João Gaspar;Antero de Quental;;
Skarmeta, Antonio;O Carteiro de Pablo Neruda;;
Skinner, Peter;World Trade Center;;
Smith, Ali;Outono;20/10/2016;
Smith, Houston;Budismo;;
Smith, Houston;Islamismo;;
Smith, Huston;Cristianismo;;
Smith, J.J.;Sumos Verdes - Detox em 10 Dias;01/02/2014;
SNI, Edições;Infante D. Henrique;;
Soares, Mário;Portugal Amordaçado;;
Soares, Pedro;Tarrafal Campo de Morte Lenta;;
Sociedade Biblica;40 Aniversário de Gaibeus;;
Sociedade Biblica;Arte Portuguesa Hoje;;
Sociedade Biblica;Novo Testamento com Salmos;;
Society, National Geographic;Tesouros do Egipto;;
Society, National Geographic;Um Passeio por Amesterdão;;Verbo
Society, National Geographic;Um Passeio por Atenas;;Verbo
Society, National Geographic;Um Passeio por Berlim;;Verbo
Society, National Geographic;Um Passeio por Roma;;Verbo
Society, National Geographic;Um Passeio por Veneza;;Verbo
Society, National Geographic;Um Passeio por Viena;;Verbo
Sofoto, Editora;Lisboa;;
Sol, Edição;José Saramago;;
Soledade, Arnaldo;Sines  Terra de Vasco Gama;;
Sombra, Repórter;Dossier PIDE;;
Sousa, Valdemiro De;Angola a Guerra e o Crime;;
Sparks, Nicholas;A Melodia De Adeus;;Editorial Presenca
Sparks, Nicholas;A Melodia De Adeus;;Editorial Presenca
Sparks, Nicholas;Dei-te o Melhor de Mim;;Editorial Presenca
Sparks, Nicholas;No Teu Olhar;;Edições Asa
Sparks, Nicholas;O Sorriso Das Estrelas;;Editorial Presenca
Sparks, Nicholas;O Sorriso Das Estrelas;;Editorial Presenca
Sparks, Nicholas;Quem Ama Acredita;;Editorial Presenca
Sparks, Nicholas;Só Nós Dois;;Edições Asa
Sparks, Nicholas;Três Semanas com o meu Irmão;05/04/2004;
"Sparks, Nicholas; Presença, Editorial";Um Homem Com Sorte;;Editorial Presença
Sparks, Nicholas;Um Homem com Sorte;;
Sparks, Nicholas;Um Momento Inesquecivel;;Editorial Presenca
Sparks, Nicholas;Um sonho só nosso;2022;Leya SA
Sparks, Nicholas;Uma Escolha por Amor;;Editorial  Presenca
Sparks, Nicholas;Uma Viagem Espiritual;;Editorial Presenca
Sparks, Nicholas;Uma vida ao teu lado;2013;Leya
Speare, Elisabeth George;Uma Inglesa no Cativeiro;;
Spethmann, Carlos Nascimento;Medicina Alternativa de A a Z;;Natureza
Spiegelman, Art;Maus;;
Steinbeck, John;A Leste do Paraíso;;
Steinbeck, John;As Vinhas da Ira;;
Steiner, Jean François;Treblinka;;
Stendhal;O Vermelho e o Preto;;
STEPHEN, HAWKING-;A Teoria de Tudo - A Origem e o Destino do Universo (Portuguese Edition);;EDITORA GRADIVA
Stepánove, Evguénia;Friedrich Engels;;
Stevens, Neil;Medicina Popular. Remedios Tradicionais Que Funcionam (Em Portuguese do Brasil);;Madras
Stilwell, Isabel;Como Dei com o Meu Psiquiatra em Louco;01/01/2000;
Stowe, Harriet Beecher;A Cabana do Pai Tomás;;
Strindberg, August;O Salão Vermelho;;E-primatur
Strindberg, August;O Sonho Strindberg;;
"Strong, Dr. Donald E.; Bovini, Giuseppe; Rice, David Talbot; Lasko, Peter; Zarnecki, G.; Henderson, George";As Origens da Arte Ocidental;;Editora Grolier
Sullivan, Michael;A Arte Chinesa e Japonesas;;Editora Grolier
Susann, Jacqueline;A Máquina do Amor;;
Suskind, Patrick;O Perfume;;EDITORIAL PRESENCA
Suyin, Han;A Colina da Saudade;;
Swift, Jonathan;As Viagens de Gulliver;;
Swift, Jonathan;Proposta Modesta;;
Sylvester, David;A Arte Moderna;;Editora Grolier
Sábado;Time;;
São Lucas;O Evangelho Segundo São Lucas;;
São Marcos;Evangelho Segundo São Marcos;;
Sério, Mário;Sobre Brecht;;
Sílabo, Edições;Constituição da República Portuguesa 1989;;
Sófocles;Antígona Ájax ..... Rei Édipo;;
Sófocles;Édipo;;
Tabucchi, Antonio;Afirma Pereira;;
Tagore, R.;A Casa e o Mundo;;
Tagore, Rabindranath;A Casa e o Mundo;;
Tamaro, Susanna;Vai Aonde te Leva o Coracao;;Editorial Presenca
Tavares, Adérito;A Capela Arraiana;;
Tavares, Miguel Sousa;No teu Deserto;;
Tavares, Miguel Sousa;Sul Viagens;;oficina
Tchekov, Anton;A Cigarra;;
Teatro De Almada;Eureka;;
Teiga, Carlos;Ensaio Interpretativo e Crítico;;
Tengarrinha, Margarida;A Morte de Catarina Eufémia;;
Tersariol, Alpheu;Análise e Redacção;;Editora Lisa
Tersariol, Alpheu;Dicionário de Sinónimos e Antónimos;;Editora Lisa
Tersariol, Alpheu;Exercícios de Revisão Gramatical;;Editora Lisa
Tersariol, Alpheu;Gramática Histórica Fonética Descritiva e Ortografia;;Editora Lisa
Tersariol, Alpheu;Morfologia e Sintaxe;;Editora Lisa
Thesen, Hjalmar;Presença Fatal;;
Thomas, Hugh;A guerra civil de Espanha;;
Thoreau, Henry David;ONDE VIVI E PARA QUE VIVI;;Quasi
Tiago, Manuel;5 Dias  5 Noites;;
Tiago, Manuel;A Casa de Eulália;;
Tiago, Manuel;Até Amanhã Camaradas;;
Tiago, Manuel;Até Amanhã Camaradas;;
Toffler, Alvin;A Terceira Vaga;;
Tojal, Altino Do;Os Putos;;
Tokarczuk, Olga;Conduz o Teu Arado sobre os Ossos dos Mortos;;Cavalo de Ferro
Tokarczuk, Olga;Outrora e Outros Tempos;1996;
Tolkien, J. R. R.;O Senhor dos Anéis   II;;
Tolkien, J. R. R.;O Senhor dos Anéis I;;
Tolkien, J. R. R.;O Senhor dos Anéis III;;
Tolstoi, Leon;A Sonata de Kreutzer;;
Tolstoi, Leon;Ana Karenina;;
Tolstoi, Leon;Guerra e Paz;;
Torga, Miguel;Antologia Poética;;
Torga, Miguel;Bichos;;
Torga, Miguel;Contos da Montanha;;
Torga, Miguel;Diário XVI;;
Torres, Ferreira;História 3° 4° 5° Ano;;
Tortajada, Ana;O Grito Silenciado;01/01/2002;
Townsend, Sue;A Rainha e Eu;;
Townshend, Charles;O Terrorismo;;
Tuiavii;O Papalagui;;
Tuiavii;O Papalagui;;
Turístico, Mapa;Barcelona;;
Turístico, Mapa;Budapest;;
Twain, Mark;O Príncipe e o Pobre;;
Unamuno, Miguel De;Uma História de Amor;;
Valdoi, Pedro;Há Candeias no Firmamento;;
Valente, Stefano;O Espelho de Orfeu;01/09/2008;
Valente, Vasco Pulido;Ir Prò Maneta - A Revolta Contra os Franceses (1808);;Alêtheia Editores
"Valigi, Cinzia; Santini, Loretta";Roma e Vaticano;;
Vallois, Henry;Les Races Humaines;;
Vara, Jon;Guia da Sabedoria do Lar;;
Vasco, Nuno;Vigiados e Perseguidos;;
Vasconcelos, José Mauro;O Meu Pé de Laranja Lima;;
Vasconcelos, José Mauro;Rosinha, Minha Canoa;;
Vautel, Clement;O Amor à Parisiense;;
Vaz, Júlio Machado;Olhos nos Olhos;;
Veiga, Carlos Margaça;A Perda da Independência  1578-1583;;
Veiga, Teresa;A História da Bela Fria;;
Velho Da Costa, Maria;Casas Pardas;;
Velho Da Costa, Maria;Cravo;;
Velho Da Costa, Maria;Português Trabalhador Doente Mental;;
Ventura, Antonio;Emílio Costa e o Sindicalismo;;
Ventura, Margarida Garcez;A Definição das Fronteiras   1096-1297;;
Verbo, Edições;As Mais Belas Igrejas de Portugal;;
Verbo, Edições;As Mais Belas Vilas e Aldeias de Portugal;;
Verbo, Edições;Parques e Reservas Naturais de Portugal;;
Verde, Cesário;Uma Proposta de Trabalho;;
Verne, Júlio;A Volta ao Mundo em 80 Dias;;
Verne, Júlio;Cinco Semanas em Balão;;
Verne, Júlio;Viagem ao Centro da Terra;;
Veríssimo, Erico;México;;
Veríssimo, Erico;O Senhor Embaixador;;
Veríssimo, Erico;Olhai os Lirios do Campo;;
"Vey, Dr. Horst; Salas, Dr. Xavier De; França, Dr. José Augusto";A Arte Alemã, Espanhola, Portuguesa e Brasileira até 1900;;Editora Grolier
Vian, Boris;O Arranca Corações;01/1953;
Vicente, Antonio Pedro;Guerra Peninsular   1801-1814;;
Vicente, Gil;Auto da Feira;;
Vicente, Gil;Auto da Mofina Mendes e Dialogo Infantil;;
Vidal, Gore;Império;;
Viegas, Mário;Teatro Exprimental do Puôrto;;
"Vieira, Afonso Lopes; Gameiro, Roque";Lisboa Velha;;
Vieira, Alice;Bica Escaldada;;
Vieira, Alice;Flor de Mel;;
Vieira, Alice;Graças e Desgraças da Corte de El- Rei Tadinho;;
Vieira, Alice;Historias Tradicionais Portuguesas   Bela Silva;;
Vieira, Alice;Historias Tradicionais Portuguesas Danuta Wojciechowska;;
Vieira, Alice;Rosa minha Irmã Rosa;;
Vieira, Alice;Se Perguntarem por Mim Digam que Voei;;
Vieira, José Luandino;A Cidade e a Infância;;
Vieira, José Luandino;A Verdadeira Vida de Domingos Xavier;;
Vieira, José Luandino;João Vencio, Os seus Amores;;
Vieira, José Luandino;Luuanda;;
Vieira, José Luandino;Macandumba;;
Vieira, José Luandino;No Antigamente, Na Vida;;
Vieira, José Luandino;O Livro dos Rios;;
Vieira, José Luandino;Vidas Novas;;
Vieira, Padre António;Sermão da Sexagésima;;
Vieira, Padre António;Sermões;;
Virgilio;Eneida;;
Visão, Editora;Toda a Verdade sobre a Vida de Saramago;;
Visão;Grandes Fotos do Século;;
Visão;Paula Rego    Volume 1;;
Visão;Paula Rego Volume 2;;
Visão;Paula Rego Volume 3;;
Visão;Saramago e Pilar;;
Volta Ao Mundo, Edição;Volta ao Mundo   Catalunha;;
Volta Ao Mundo, Edições;Povos do Mundo;;
Volta Ao Mundo, Edições;Volta ao Mundo;;
Vujicic, Nick;Vida Sem Limites;;Caderno
Várzea, Manuel Da;A Poesia e a Vida;;
Várzea, Manuel Da;Poemas Tardios;;
Vértice;Vértice 8;;
Wallace, Irving;O Prémio;;
Wallace, Irving;Os Sete Minutos;;
Waller, Robert James;As Pontes de Madison County;13/04/1992;
Wallraff, Günter;A Descoberta de uma Conspiração;;
Walter, Nicolas;Do Anarquismo;;
Walther, Ingo F.;Paul Gauguin;;
"Weber, Eric; Cochran, Molly";Como Seduzir as Mulheres;;
Weisman, Alan;O Mundo sem Nós;;Estrela Polar
Wells, H. G.;A Máquina do Tempo;;
Wells, Leon Weliczer;Para que a Terra não Esqueça;;
West, Morris;As Sandálias do Pescador;;
Wilde, Óscar;O Fantasma de Canterville;;
Wilde, Óscar;O Fantasma de Canterville e outros contos;;
Wilde, Óscar;Teleny;;
Woodhead, Linda;O Cristianismo;;
Woolf, Virginia;Os Três Guinéus;;
Woolf, Virginia;Rumo ao Farol;;
Wright, Peter;Caçador de Espiões;;
Xingjian, Gao;A Montanha da Alma;;DOM QUIXOTE
XIV, Dalai Lama;Morrer em Paz e Viver uma Vida Melhor;;
Ygnatiev, Oleg;Três Tiros da PIDE;;
Yourcenar, Marguerite;A Obra ao Negro;;
Yourcenar, Marguerite;Memórias de Adriano;;
Zambujal, Mário;Cafuné;;Clube do Autor
Zambujal, Mário;Crónica dos Bons Malandros;;
Zambujal, Mário;Histórias do Fim da Rua;;
Zambujal, Mário;O Diário Oculto de Nora Rute;;Clube do Autor
Zambujal, Mário;Uma Noite não são Dias;;
Zambujal, Mário;À Noite Logo se Vê;;
Zedtwitz, Franz;A Queda dos Incas;;
Zimler, Richard;A Sétima Porta;2007;
Zimler, Richard;Meia-Noite ou O Princípio do Mundo;01/07/2003;
Zimler, Richard;O Evangelho segundo Lázaro;;Porto Editora
Zimler, Richard;O ultimo cabalista de Lisboa;1996;Quetzal Editores
Zola, Emílio;A Taberna;;
Zola, Emílio;Acuso;;
Zola, Emílio;Germinal;;
Zola, Emílio;Madalena Ferat;;
Zola, Emílio;Roma I;;
Zola, Emílio;Roma II;;
Zola, Emílio;Trabalho;;
Zong Il, Kim;Sobre a Ideia Zuche;;
Ípsilon;A Inquisição está a sair da fogueira;;
Østergaard, Troels V.;Pedras e Rochas;;
Übersee, Editora;Humboldt    3;;
Übersee, Editora;Humboldt   2;;
Živković, Zoran;A Biblioteca;2002;
